,TSR,TFR,NTSR,NTFR,CR,OR,TR,APE,AOE,APT,AIT
2-1,0.0,0.0,50.0,0.0,33.33333333333333,16.666666666666664,0.0,,,,0.0784903029050274
2-3,66.66666666666666,0.0,16.666666666666664,0.0,0.0,0.0,16.666666666666664,0.4118769541382789,0.6481895446777344,23.591666666666665,0.0783701777278388
2-5,50.0,33.33333333333333,16.666666666666664,0.0,0.0,0.0,0.0,0.7232895294825236,4.6895904541015625,27.28888888888889,0.0804066042797814
2-7,50.0,0.0,16.666666666666664,0.0,33.33333333333333,0.0,0.0,0.4813811679681142,0.4547322591145833,22.54444444444444,0.0800202190325132
2-9,33.33333333333333,16.666666666666664,16.666666666666664,0.0,16.666666666666664,0.0,16.666666666666664,0.3612212240695953,0.2119674682617187,23.616666666666667,0.0790768298283165
2-11,66.66666666666666,0.0,0.0,0.0,16.666666666666664,0.0,16.666666666666664,0.5191899538040161,0.7568168640136719,22.508333333333333,0.0803391194841069
2-13,83.33333333333334,0.0,0.0,0.0,16.666666666666664,0.0,0.0,0.3309063911437988,0.9856231689453124,22.426666666666662,0.0794284539972754
2-15,83.33333333333334,0.0,0.0,0.0,16.666666666666664,0.0,0.0,0.4098062217235565,0.86285400390625,20.15333333333333,0.0788752802227
3-1,0.0,0.0,0.0,0.0,83.33333333333334,16.666666666666664,0.0,,,,0.0864097083174942
3-3,50.0,0.0,16.666666666666664,0.0,16.666666666666664,0.0,16.666666666666664,0.3672692328691482,1.504221220811208,26.111111111111114,0.081427808350263
3-5,50.0,16.666666666666664,0.0,0.0,16.666666666666664,0.0,16.666666666666664,0.3940254052480061,0.8643463452657064,24.9,0.0802567755376581
3-7,33.33333333333333,0.0,16.666666666666664,16.666666666666664,0.0,0.0,33.33333333333333,0.2666309215128422,0.5267339199781418,25.28333333333333,0.0800120297388814
3-9,16.666666666666664,0.0,50.0,0.0,0.0,0.0,33.33333333333333,0.3570683896541595,0.4965209066867828,19.066666666666663,0.0794037048759329
3-11,0.0,33.33333333333333,33.33333333333333,0.0,16.666666666666664,0.0,16.666666666666664,,,,0.078955447035916
3-13,33.33333333333333,0.0,33.33333333333333,0.0,0.0,0.0,33.33333333333333,0.3849432170391083,0.2999332305043936,26.3,0.0788307330187629
3-15,66.66666666666666,0.0,0.0,0.0,0.0,0.0,33.33333333333333,0.4202662482857704,2.619957260787487,24.78333333333333,0.0789894243262737
Avg,42.708333333333336,6.249999999999999,16.66666666666666,1.0416666666666665,16.666666666666664,2.083333333333333,14.583333333333329,0.41752883514914757,1.1478066651580425,23.736495726495725,0.07995578866742135
